created_at,text
2021-09-15 02:28:08,RT @BUWheelock: BU Wheelock Students: @BUCSC is currently recruiting volunteers for Afterschool which connects area youth with @BU_Tweets s‚Ä¶
2021-09-03 19:57:16,Empowerment League's Volunteer Application is up! Sign up if you're interested in social justice. https://t.co/rtfw6bFPFE https://t.co/Z4Yhquv7oa
2021-09-03 19:52:57,"Meet June, a Days of Service Program Manager! June is a sophomore studying Human Physiology. Check out our Instagram post to see his outdoorsy side... https://t.co/qCg54mHDpX"
2021-08-26 19:26:59,"Alternative Service Break chair and coordinator applications are live, and this year, we are planning for it to be in person! ASB is a weeklong service opportunity that strives to bridge different communities and individuals together. Apply now! https://t.co/DDsL68xsa0 https://t.co/Yf2XQ4LigI"
2021-08-09 17:41:38,"Our 2021 newsletter went live! Subscribe to get up-to-date information on our programs, keep up with our community partners and lots of other cool perks. ü•≥ https://t.co/zNlEFNH8ck"
2021-08-03 19:10:55,Check out the newest program manager spotlight post on our Instagram to see Senior PM Emily painting a roof during ASB! https://t.co/jRLEOvaZAC https://t.co/dkh6Kci68B
2018-11-30 21:55:58,Deadline for Global Day of Service Chair Positions has been extended until this Monday December 3rd! Don't miss out on this awesome leadership opportunity! Link to application here: https://t.co/SrLBa8F0iq https://t.co/Bw0AwHfXmd
2018-10-04 16:07:51,Thank you @ottos_pizza for donating to Journey for Food Justice!! 
2018-09-11 17:15:49,"Learn about our academic year volunteer opportunities, meet others interested in service, and enjoy some snacks and crafts  https://t.co/Kv3YhnyGrj"
2018-06-30 01:56:05,"RT @BU_Tweets: Perks of signing up for @heyfysop:

Move in to your dorm a week early 
Explore the city of Boston, your new home 
Meet new‚Ä¶"
2018-06-29 16:58:48,Thanks for a great four sessions of orientations BU 2022!! We can't wait to see you again! #bu2022 https://t.co/8DQLUU5rV4
2018-06-13 18:10:34,RT @heyfysop: Sign up for FYSOP 2018 today! https://t.co/nfsNMzyRDX https://t.co/S40AXEHsJP
2018-05-31 19:00:52,"Only three weeks left in our crowdfunding campaign for FYSOP scholarships! 
Donate here: https://t.co/sEGUmJ6FPZ https://t.co/GBKGlSl9nN"
2018-05-30 18:52:25,"In Boston for the summer and looking to give back? Sign up to volunteer for Student Food Rescue, one of the largest student-run food salvage programs in the country! Go to https://t.co/GLXlMbP9xN for more information https://t.co/Nxzfwm4IqD"
2018-05-24 18:55:52,Help FYSOP 2018 achieve its goals!! https://t.co/sEGUmJ6FPZ https://t.co/AhxvdzMPKX
2018-05-24 16:20:22,"Registration for the First Year Student Outreach Project is available now!
https://t.co/bEuQnfB7RD https://t.co/0WVStUKhvc"
2018-04-19 21:00:30,"‚ö†Ô∏èNew episodes alert‚ö†Ô∏è

Listen to Susan Lovett and Dev Blair discuss Movement on Ask and Tell.

https://t.co/x96DZTFkzg https://t.co/c7p2FBqKbz"
2018-04-02 15:32:31,"Join us April 7th and April 21st for Global Days of Service! Register to visit one of our 15 community partners at:

https://t.co/mAU3FqSnu5"
2018-03-22 21:14:30,"Check out our podcast, Ask and Tell, at https://t.co/x96DZTFkzg 

Listen to orators from the Boston community talk about Presence and Pride. https://t.co/2tE4qQJ3p8"
2018-03-18 22:33:02,"RT @JoseeMatela: Hey BU,

This Thursday (3/22) is the LAST day to apply for @heyfysop staff!

Through the program, I met some of my best fr‚Ä¶"
2018-03-12 16:15:30,Apply by March 19 to lead a group of volunteers to one of our partner sites for Global Days of Service! Go to https://t.co/ClGrn485sY for more information. https://t.co/BPScRy79EJ
2018-02-14 20:33:19,RT @ASBMacon: Sick of the cold weather? So are we! Luckily we are going to Macon in 19 days! Georgia has a temperate climate year round wit‚Ä¶
2018-02-01 21:33:29,"From Howard Thurman, to Marsha P. Johnson, Phillis Wheatley and Colin Kaepernick, Black figures both past and present have worked to respect and enhance the freedom of others. Black history is American history. Happy Black History Month, Terriers. https://t.co/gx9E9SlWea"
2018-01-24 18:18:50,RT @BUCGS: Make your spring break meaningful! Join @BUCSC's Alternative Service Breaks and spend your break addressing issues like environm‚Ä¶
2018-01-22 17:18:53,Want to develop your writing or photography skills? Interested in developing a podcast? Join the storytelling team this semester! Go to https://t.co/ClGrn485sY or email cscstory@bu.edu for more information. https://t.co/jVT0twtNXi
2017-12-29 19:21:29,RT @BUorientation: @BUCSC Are you passionate about community service? Apply to be a FYSOP coordinator and plan a week-long service project‚Ä¶
2017-12-14 15:28:03,RT @BUASB: One of our fabulous PMs was featured on BU‚Äôs #terriertuesdays ! ‚ÄúIf Gabriella Knox‚Äôs (SAR ‚Äò18) BU experience were summed up in o‚Ä¶
2017-11-14 21:06:58,Sign up to fulfill a wish here: https://t.co/tYIOly5JZA https://t.co/nXKtEp4UUQ
2017-11-08 16:46:54,RT @hailey_lizabeth: hi friends comin at you live from the blood mobile! donation goes straight to Bringham &amp; Women‚Äôs hospital pls come if‚Ä¶
2017-11-08 16:45:57,RT @BUcampuskitchen: TURKEYPALOOZA IS HERE! Please donate any canned foods! All proceeds will go to the Shepard‚Äôs Heart Food Pantry! https:‚Ä¶
2017-11-07 19:27:49,Help plan BU‚Äôs biggest service project of the year! Apply at https://t.co/ClGrn485sY https://t.co/USERBmy03h
2017-10-27 19:12:30,We want to publish your work! Submit your pieces relating to local and global social justice issues at https://t.co/ClGrn485sY https://t.co/8Is9Exk4a3
2017-10-24 18:02:07,"Explore @ArnoldArboretum with Branch Out this Saturday! 

https://t.co/Qr3Qz7reh4 https://t.co/q1HGyMsO5P"
2017-10-24 17:59:53,RT @Umoja_BU: This Wednesday come join us and our panel as we discuss Feminism Womanism and the Struggle for Equality within the Black Comm‚Ä¶
2017-10-17 18:32:41,"‚ö†Ô∏è‚ö†Ô∏è New blog post alert ‚ö†Ô∏è‚ö†Ô∏è   

https://t.co/14SGcJMVUL"
2017-09-26 20:47:39,Thanks for having us! https://t.co/h0PWP4MuiY
2017-09-22 17:36:27,Discover your passion through storytelling with the CSC. https://t.co/FpKyDaIIpy
2017-09-22 17:02:20,Help sort food at the biggest food bank in New England! Sign up for Greater Boston Food Bank on Fall Day of Service: https://t.co/vTB2bFEKyR https://t.co/VM0MvIVAEe
2017-09-19 18:32:40,"Sign up to volunteer with one of our 7 community partners during Fall Day of Service this Saturday! 
https://t.co/vTB2bFEKyR https://t.co/QqabdsoBZq"
2017-09-14 16:53:01,Sign up to perform here: https://t.co/exgc3YQFUA https://t.co/iHeIrpmmnj
2017-09-13 17:41:24,Watch Hidden Figures with us tonight at 7pm in the CSC! https://t.co/IAEqIDEhbA
2017-09-13 17:39:46,RT @MobiusMentors: Want a reminder of why adult-to-youth mentoring is so important? Give this post from @BUCSC a read today #MentorIRL http‚Ä¶
2017-09-11 22:16:44,Mocktail paint night is happening! Come on up to the CSC https://t.co/mIvtiL6RMD
2017-09-11 17:56:12,Paint Night is tonight in the CSC from 6pm-8pm. Will Bob Ross be there? TBD https://t.co/efgVZBFlvU
2017-09-10 17:07:00,RT @shaniibree: I ‚ù§Ô∏è U @BUCSC!!! 
2017-09-10 17:06:55,Thanks for having us! https://t.co/eDwg5VWPwR
2017-09-06 20:44:41,Stay engaged through storytelling this semester. Fill out the interest form on our website or email cscstory@bu.edu for more information! https://t.co/WHN2BWadDE
2017-09-01 13:52:40,"RT @RECOVERwithMEDA: Thank you to @BUCSC #fysop volunteers for your help, smiles, &amp; #affirmation card creativity this morning! ‚ù§Ô∏è#MEDAstaff‚Ä¶"
2017-09-01 13:52:32,"Thank you, Angelica, for sharing your gift with us and the community! https://t.co/cnt7US0H0n"
2017-08-31 02:56:32,"RT @heyfysop: #FYSOP2017 group ""Bean and Boujee"" had a blast discovering #Boston today after their service at the Medeiros Center for Chang‚Ä¶"
2017-08-28 12:51:15,RT @heyfysop: Hey #FYSOP! We can't wait to meet you today! Check back here for updates on all things #FYSOP2017 @BUCSC @BU_Tweets @ApplyToB‚Ä¶
2017-08-27 17:51:53,"RT @heyfysop: Hey former #FYStaff! In honor of staff training week, we wanna hear from you! Send us your fav staff memories w/ #RediscoverF‚Ä¶"
2017-08-22 17:46:32,"RT @heyfysop: Hey FYStaff! Welcome to staff training, we can't wait to learn and grow with you!! #FYSOP2017 @BUCSC @BU_Tweets"
2017-08-21 17:54:14,"RT @mydorchester: Get free Backpacks at #DorchesterFamilyEngagementNetwork, Aug. 22nd!!!
https://t.co/gHe9AeWuOm https://t.co/wihYtHiOux"
2017-08-18 13:22:16,"FYSOP begins in 10 days! Staff leaders, we'll see you on Tuesday https://t.co/LaxhRXq7Xq"
2017-08-18 13:20:14,RT @TEDTalks: Why we must recognize ‚Äî and stand against ‚Äî extremism and white supremacy: https://t.co/H7hKaK8kaD @deborahlipstadt https://t‚Ä¶
2017-08-18 13:18:50,RT @TEDTalks: A legacy of racial injustice follows us in America. What will it take to stop it? https://t.co/hUQHjmNyo5
2017-08-14 15:51:25,"‚ö†Ô∏è‚ö†Ô∏è New blog post alert‚ö†Ô∏è‚ö†Ô∏è   

https://t.co/gstb8R17q6"
2017-08-09 16:59:56,RT @TEDTalks: What role does reality television play in how we talk about race? #TheBachelorette https://t.co/CiMYKqGOzw https://t.co/touty‚Ä¶
2017-08-09 16:56:36,RT @ABC: Peace bell rings in Nagasaki as Japan marks the moment 72 years ago when the US dropped an atomic bomb on the city. https://t.co/L‚Ä¶
2017-08-02 19:41:12,RT @heyfysop: Have y'all seen the latest episode of The FYSOP Coordinator? Check us out on Facebook to get caught up! #FYSOP2017 @BUCSC @BU‚Ä¶
2017-08-01 19:39:03,"Wanna help set a Guinness World Record? Join the Children's Services of Roxbury on September 23rd: 

https://t.co/Km4WOw4HCf"
2017-08-01 18:42:41,RT @BU_CCD: There's still time to apply for the #FIPYawkey funded internship. Deadline 8/9. Get $ for unpaid internship! https://t.co/HZ4Xh‚Ä¶
2017-08-01 18:31:25,"Meet this year's Student Food Rescue program managers here!

 https://t.co/Nbxd4I8PMe"
2017-07-31 17:44:54,RT @TEDTalks: 6 reasons why it's so important to make your neighborhood beautiful: https://t.co/gRRoumc4EH https://t.co/IPzkuGmoqs
2017-07-31 17:40:36,We have a bunch of service opportunities for undergrad and grad students! https://t.co/6qYGDd3ASo
2017-07-26 14:56:42,"RT @NPR: In a series of tweets, President Trump said no transgender individuals will be allowed to serve ""in any capacity"" in the U.S. mili‚Ä¶"
2017-07-25 17:49:26,RT @BostonGlobe: The Senate is set to hold a key vote on the GOP health bill this afternoon. Watch live: https://t.co/jkEKTuRbZr
2017-07-25 15:05:09,"RT @MBTA: #MBTA Bus Rtes CT2, 47, &amp; 57 will be impacted by the @MassDOT Comm Ave Bridge Proj from 7/27-8/13. Visit https://t.co/1l9J29PtcY‚Ä¶"
2017-07-25 15:01:31,RT @HuffPost: This charity turns unwanted toiletries into helpful kits for the homeless. https://t.co/G3F6no4Y34
2017-07-20 20:07:08,"RT @BUcampuskitchen: Check out the fresh basil growing @ our Community Garden! We've got lots of other summer veggies growing, too! ü•í Sta‚Ä¶"
2017-07-20 20:03:07,RT @heyfysop: How has Packard's Corner changed over time? Learn all about it at FYSOP! https://t.co/pZsMC1RK5K
2017-07-18 18:01:17,Need some summer reads? Follow our blog! Check out our newest post by Mary Milad: https://t.co/0n4CIKQNWS
2017-07-18 14:35:45,RT @TEDTalks: 11 #TEDTalks to watch when you have no idea what's going on in the world: https://t.co/xtLwYfhJ7I https://t.co/zCJ9oCroFb
2017-07-14 22:07:04,RT @heyfysop: Calling all past #FYSOP volunteers/staff/CO's! Be a part of the new program and tweet us your fav memories &amp; pics w/ #ReDisco‚Ä¶
2017-07-14 00:27:09,RT @heyfysop: Hey #TerrierTransfers come talk to your friendly neighborhood FYCOs (blue shirts) at Terriers Night Out! @BUCSC @ApplyToBU @B‚Ä¶
2017-07-13 15:31:08,RT @tarms15: @heyfysop #FYSOP2017 https://t.co/BuXk4KCiEp
2017-07-12 18:17:31,RT @TEDTalks: Autistic people are not failed versions of ‚Äúnormal‚Äù: https://t.co/14I8CCWhn9 @stevesilberman https://t.co/t6TZdfFemH
2017-07-12 18:16:27,RT @heyfysop: Want to learn more? Stop by our office on the 4th floor of the GSU! https://t.co/cWYBNad32a
2017-07-12 18:16:07,"RT @heyfysop: Welcome to campus #TerrierTransfers! Did you know that transfer students are eligible for FYSOP?? Sign up today!
@BUorientati‚Ä¶"
2017-07-11 16:12:57,"RT @BostonGlobe: In Chelsea, this coalition aims to save lives on the verge of unraveling.  https://t.co/oRau1EDSa3"
2017-07-11 16:11:39,"RT @TEDTalks: ""Stories matter. Stories can break the dignity of a people, but stories can also repair that broken dignity."" https://t.co/vp‚Ä¶"
2017-07-06 16:14:21,RT @BostonGlobe: Follow the red-brick road https://t.co/TUXjkSC7D7 https://t.co/WuIKLDwlaq
2017-07-04 20:04:46,RT @heyfysop: Celebrating the 4th with our FYSOP Family at Revere beach! (Accessible right off the Blue line!!) Stay safe and enjoy the hol‚Ä¶
2017-07-01 02:02:57,RT @gavinfoundation: Fun planning session with #BU #FYSOP2017 team leaders Tyler &amp; Savanah today at #DevineRecoveryCtr! Can't wait to meet‚Ä¶
2017-06-30 13:41:09,RT @heyfysop: Good morning #BU2021! Come visit us on the 4th floor of the GSU to learn about the hidden gems of #Boston!  #FYSOP2017 @BUCSC‚Ä¶
2017-06-29 18:10:52,RT @heyfysop: Hey #BU2021 session 4!! Come find us in the blue shirts to learn more about #FYSOP2017 @BUCSC @BUorientation @ApplyToBU @BU_T‚Ä¶
2017-06-29 15:50:47,RT @TEDTalks: Want to be happy? Slow down: https://t.co/uRDFb2CcoC https://t.co/DdRpgpclqF
2017-06-29 15:48:55,"RT @BostonMagazine: Ready for a long holiday weekend? Don't miss out on watching Jaws at the Lawn on D, plus more weekend events: https://t‚Ä¶"
2017-06-29 15:47:20,"RT @CNN: Thousands of activists protested GOP health care bill on Capitol Hill
https://t.co/5lwQhjJtGH https://t.co/G4zBtEiR4U"
2017-06-23 14:14:42,RT @heyfysop: Happy Friday #BU2021! Come visit us on the 4th floor of the GSU for a chance at a free  #FYSOP2017 @BUorientation @BUCSC @Ap‚Ä¶
2017-06-22 16:07:46,Come up to the 4th floor of the GSU to meet some of the CSC staff and learn more about our programs! https://t.co/jt0KEh2q8U
2017-06-20 13:32:41,"RT @unfoundation: On #RefugeeDay, @MastercardNews + @WesternUnion debut new project that will increase access to goods for #Refugees: https‚Ä¶"
2017-06-20 13:32:00,RT @ClintSmithIII: Spent Juneteenth rereading ads taken out by formerly enslaved ppl searching for their family. Freedom was often accompan‚Ä¶
2017-06-20 13:30:32,"RT @wgbhnews: Boston is opening a shelter to help alleviate problems along the city's ""Methadone Mile."" https://t.co/gLPKHSvt7b"
2017-06-20 13:28:24,"RT @MorningEdition: Sen. Bernie Sanders: ""Why are we the only major country on Earth not to guarantee health care to all people?"" https://t‚Ä¶"
2017-06-20 13:27:20,RT @7News: Deal reached to fund downtown Boston park https://t.co/wanl65CU1g #7News
2017-06-16 13:14:59,"RT @BostonUMBB: Great morning at the Brookline Food Pantry. We unloaded 3,500 lbs of food and stocked the shelves for their community groce‚Ä¶"
2017-06-15 14:58:52,Come meet our amazing FYSOP Coordinators! https://t.co/nov4vcFZNI
2017-06-10 22:29:30,RT @heyfysop: Ô∏è‚ÄçCelebrating #PrideBoston and getting a glimpse of the unity and strength of our city!Ô∏è‚Äç #FYSOP2017 https://t.co/X2r72Pt‚Ä¶
2017-06-08 17:28:01,RT @heyfysop: CHALLENGE: Take a selfie with a FYSOP staff member (blue shirts) &amp; post it to Twitter/insta with the tag #FYSOP2017 for a cha‚Ä¶
2017-05-25 20:48:01,"RT @TEDTalks: Affordable housing should be a right, not a privilege. https://t.co/IDW61QV40l https://t.co/5aByiUMmQV"
2017-04-25 16:32:49,Happening TONIGHT! https://t.co/L2HuGxtiXF
2017-04-13 15:30:06,We featured the International Institute of New England to learn about their work with immigrants/refugees!   https://t.co/mJ86CadeCJ
2017-04-08 17:09:37,Another GDS group is with @PineStreetInn today! SO jazzed about their mission to help folks find sustainable housing!   https://t.co/P3dhiDhKqZ
2017-04-08 16:51:13,One GDS group is at Spontaneous Celebrations! They're doing some spring cleaning and cutting bottles for their upcoming lantern festival! https://t.co/9S4ycRr3JK
2017-04-08 13:43:09,"Happy first day of GDS! Thanks to everyone who is participating today, you're going to have quite an impact. "
2017-04-06 19:11:56,"Here's our fun events and happenings for April! We turn 30 this month, so take a breather from class &amp; join us!  cscevent@bu.edu for info. https://t.co/a7V10UR8y1"
2017-04-05 23:30:27,"RT @bualumni: Oh, in case you were wondering. The Recent Grad @BUCSC Challenge was achieved! They've gained an additional $500 to their fun‚Ä¶"
2017-04-05 17:48:09,There are still spots open for GDS (April 8th &amp; 22nd)! Register today: https://t.co/DvYleuy5My https://t.co/kVdrPbBi1S
2017-04-02 21:15:54,"On April 5, join #BU friends to give back. https://t.co/zqQJYcCt5v
Select CSC under ""Your Gift Designation."" Thank you so much."
2017-03-27 17:45:46,HLA! BNJOUR! CIA! GDS is coming up on April 8th &amp; 22nd. Grab yo' friends &amp; sign up today to volunteer. https://t.co/DvYleuy5My
2017-03-21 17:15:01,"FYSTAFF APPLICATIONS ARE DUE REAL SOON, don't wait. https://t.co/ClGrn485sY https://t.co/d5gpIe0JSk"
2017-03-20 01:02:34,Registration for Global Days of Service is now open! Sign up to volunteer on April 8th and/or 22nd. https://t.co/11znZZV3kr
2017-03-16 19:44:03,3 DAYS until GDS registration opens! @DailyTableDot is one place you could serve at!ü•ïhttps://t.co/aDeMohdx4A
2017-03-14 21:23:02,RT @TEDTalks: 7 #TEDTalks on the struggle of mental health: https://t.co/r8Lc3llYz7
2017-03-14 21:16:37,RT @KMeyering: Awesome to watch this mural be painted by our volunteers from @BUCSC. Thanx for spending your spring break w/ us! @tlmstor‚Ä¶
2017-03-02 14:34:48,"RT @access_bu: ""... be accepting of people who maybe take a bit longer to learn.‚Äù #commonground #inclusion #boardgames  https://t.co/dGeJMD‚Ä¶"
2017-03-02 02:11:11,RT @TEDTalks: It's #WomensHistoryMonth! Celebrate with these badass TED Talks on modern feminism: https://t.co/LDrjP2EhdY https://t.co/1V7p‚Ä¶
2017-03-02 02:06:59,RT @ChipotleTweets: I‚Äôm into fitness. Fitness whole burrito in my mouth.
2017-02-28 19:46:43,Learn about BEST hospitality training with volunteer Jamie Street! https://t.co/cvXp8hS6MQ
2017-02-28 19:44:24,"RT @nytimes: The New York Times has a new marketing campaign: ""The truth is more important now than ever."" https://t.co/jWJTeB0pdW"
2017-02-28 19:44:12,RT @NPR: SpaceX says 2 individuals have paid for a private mission around the moon sometime in 2018.
2017-02-23 18:11:57,"4 days left to register for ASB! Check out these trips: Tennessee, Kentucky &amp; Wisconsin! https://t.co/XoB5ZtyEDC"
2017-02-23 18:10:34,GDS Community Partner Leader application DUE TOMORROW! Don't wait!  https://t.co/8PgsgITwvm
2017-02-23 01:18:42,Check out our GDS spotlight on Black and Pink! https://t.co/tmS9ACcAK6
2017-02-21 20:49:37,Apply to be a GDS community partner leader! https://t.co/Bfb509RAc3
2017-02-21 20:48:02,Step outside the BU Bubble and you'll notice the battle between food security and urbanization. https://t.co/aMeO4qch0P
2017-02-10 18:26:49,"RT @blackvoices: Today for #BlackHistoryMonth, we honor investigative journalist and civil rights icon Ida B. Wells. #WeTooAreAmerica https‚Ä¶"
2017-02-10 18:25:03,RT @BU_Hillel: The #blood #drive is coming to Hillel February 23rd! Sign up at https://t.co/pDIGSUMVKN with the code BUhillel. @BUCSC
2017-02-10 18:24:47,Seniors/recent college graduates! The College Advising Corps-BU is hiring for the 2017-2018 program year! Apply here https://t.co/5yYSgDZ8Bp
2017-02-07 17:24:22,Join Afterschool program managers Hailey and Anna tonight at 6PM! They'll be in the CSC hosting an information meeting about the program! https://t.co/9FAehqCuvs
2017-02-07 17:23:39,RT @BU_GRS: Hoping to do some community service this summer? Check out the programs offered through the CSC! https://t.co/TOlX1nYIES @BUCSC‚Ä¶
2017-02-07 17:23:28,RT @BU_Hillel: #Challah for #Hunger is back next Wednesday! Join us as we braid&amp;bake Challah. All proceeds help people with food insecurity‚Ä¶
2017-01-24 13:18:09,Today's your last day to APPLYAPPLYAPPLY! https://t.co/D8Xw71Cztr #fysop #fycoapp #gogogo
2017-01-23 18:35:14,"RT @heyfysop: Applications for FYSOP 2017 Coordinators are due tomorrow! To learn more, visit https://t.co/HCIedQDqH1 or email fysop@bu.edu."
2016-12-10 14:18:28,"On Thursday we had a super rad squad who wrote 75 holiday cards to send to incarcerated folks around the US. 75 stamps of kindness, y'all.  https://t.co/oZNCXiVCmM"
2016-12-05 19:22:25,"RT @TEDTalks: ""Soap operas teach us to believe in our capacity for bravery, vulnerability, adaptability and resilience."" https://t.co/m2oZz‚Ä¶"
2016-12-04 23:08:15,The holidays are a time to spread kindness to those who may not be having the best time. Join us this Thursday! https://t.co/6VAcL5r7z1 https://t.co/Svf7w4rR48
2016-11-21 21:36:09,"""Public health is the foundation for a brighter tomorrow"" - President Obama. Learn more about public health here! https://t.co/eBvmgWvmuP"
2016-11-20 16:05:11,RT @BUASB: Registration is NOW OPEN and the trips are filling up quickly! Register now before you lose your chance! #GoBeyond https://t.co/‚Ä¶
2016-11-18 23:37:40,"Get involved outside the BU Bubble.
Open your eyes and #GoBeyond with @BUASB 

https://t.co/dD0CIW49V9"
2016-11-18 19:25:08,RT @bualumni: Where you involved in @BUCSC at #BU? Zach Hobbs will tell you how awesome #BUCSC is in 00:29 sec for 11/29 #GivingTuesday htt‚Ä¶
2016-11-18 14:44:51,"Stay safe this Friday, everyone!"
2016-11-15 17:34:56,"Alternative Service Breaks Registration begins this Sunday, November 20th, at 9AM! Get ready to #GoBeyond! https://t.co/IG1R3bDeFv"
2016-10-17 19:24:30,Have an idea for a civil-minded project? We may offer you a grant to make it happen... https://t.co/1m8bV9Lx9w https://t.co/Ap48Qp5qLf
2016-10-03 19:56:45,"Who am I, really? https://t.co/7xdyzIr2x0"
2016-09-28 11:06:02,"JFJ is around the corner, so let's talk food justice with SFR program managers Taylor &amp; Tiffany! https://t.co/MiSRiVq3jR"
2016-09-27 16:00:17,It's Alumni Weekend with the CSC at the BU Pub! https://t.co/xQvudvblmS
2016-09-23 13:16:29,"Happy Friday! Don't forget ASB coordinator applications are due today at 5! 
https://t.co/b15BEy6uCV"
2016-09-21 17:42:48,"Learn how to receive funds for civic/social justice projects on 9/27 @ 6-7:30 in the Terrace Lounge, 2nd floor GSU https://t.co/1m8bV9Lx9w"
2016-09-20 19:09:17,Interested in working with youth around Boston? Join us on tonight in the CSC @ 7pm to chat with our youth and education service programs!
2016-09-19 19:48:54,Does science &amp; service interest you? See you on September 22nd @ 8pm in the CSC for the Wizards general meeting! https://t.co/4nMojpUTvw
2016-09-18 16:01:09,Come learn how you can catalyze change and start compassionate conversations within our communities. https://t.co/f20S8JJIBC
2016-09-16 14:07:43,"Combat Boston's drug epidemic, alleviate the link b/w poverty &amp; sickness, &amp; promote equity in health care. https://t.co/6ioC40HLwa"
2016-09-15 15:50:59,"The CSC is ready to mingle! ""Speed-date"" with our youth-centered service program this Tuesday night! Don't be shy! https://t.co/gPQomVFiWw"
2016-09-09 11:34:33,"To celebrate our 30th bday, we've got 30 days of service for September! Fall into Engagement! https://t.co/lnxz5k2viF"
2016-09-08 19:03:05,Fall into Engagement! Stop in from 6-8 tonight (4th Floor GSU) to chat &amp; learn about service opportunities! Snacks! https://t.co/WbNcALkUEP
2016-08-17 13:34:21,"In less than a week from now, our lovely FYStaff will be on the scene! Getting pumped yet? So are we. #FYSOP27 #AlmostThere"
2016-08-15 13:33:22,RT @heyfysop: Make sure to check out this week's blog post from coordinators Mariel &amp; Sernah about mentorship! https://t.co/giNHf61Ui1
2016-08-10 13:21:08,RT @heyfysop: Watch our video about a very important theme surrounding #FYSOP27 as well as @BU_Tweets &amp; the @BUCSC: mentorship! https://t.c‚Ä¶
2016-08-08 13:36:09,RT @heyfysop: This week's blog post (or short play) by coordinators Albert &amp; Lola just might convince you to register for #FYSOP27 https://‚Ä¶
2016-07-27 13:53:12,"RT @heyfysop: Meet the animals coordinators, Albert and Sheridan, and our office corgi pets in this important PSA. https://t.co/K5jJcLlXD1"
2016-07-13 13:13:42,"RT @heyfysop: Hey #FYSOP! Meet Mariel, one of our ~fun~ #FYCHAT moderators for the upcoming Twitter Chat this Wednesday at 7PM! https://t.c‚Ä¶"
2016-07-11 13:08:43,"RT @heyfysop: Hey #BU2020, join Storytellers Mariel &amp; Allison next week for our first #FYCHAT! Come w/ any questions you may have https://t‚Ä¶"
2016-07-06 15:05:29,RT @ApplyToBU: Discover how Tr√© Pina's decision to take part in the @heyfysop turned out to be life-changing in many ways: https://t.co/Zts‚Ä¶
2016-07-01 13:26:25,RT @heyfysop: Check out this week's blog post about the history of our beautiful city written by our coordinators Amber and Jay! https://t.‚Ä¶
2016-06-29 13:23:30,RT @heyfysop: Hey #BU2020! Check out our latest blog post about the connection between @BUorientation and FYSOP! https://t.co/IPgEMomDUb
2016-06-27 19:12:16,Friends! We are thrilled to announce the launch of our blog at https://t.co/x96DZTFkzg! https://t.co/4zOfbdVJqy
2016-06-27 13:52:01,RT @heyfysop: Check out animals and abilities coordinators at community partner @Strongwaterfarm with their new friend Cha Ching! https://t‚Ä¶
2016-06-27 13:50:59,RT @heyfysop: Then visit the @BUCSC on the 4th floor of the George Sherman Union to claim your ~prize~ (Hint: these cool shirts) https://t‚Ä¶
2016-06-27 13:50:47,"RT @sustainableBU: Come with your best ideas on how to make Boston climate resilient on 6/27! Tickets available here"" https://t.co/kXueSMqO‚Ä¶"
2016-06-20 13:36:44,RT @heyfysop: Here's our first blog post for the summer! 2 of our coordinators have written all about what FYSOP is. Check it out! https://‚Ä¶
2016-06-15 10:52:19,RT @heyfysop: #NewTerriers @BUorientation Session 2!! Look out for our next #FYSOP Orientation Challenge on Facebook https://t.co/FRxOfFzBI‚Ä¶
2016-06-15 10:51:29,RT @heyfysop: Nothing like a #FYSOP family snuggle! Register to join this ~supportive~ BU community https://t.co/fnrewTorln https://t.co/CT‚Ä¶
2016-06-08 13:39:10,"Hey #BU2020, our folks at the CSC are eager to meet you at orientation! Eyes open for CSC giveaways! https://t.co/XtHDMLg2w5"
2016-06-08 13:29:40,RT @BU_GRS: Hoping to do some community service this summer?  Check out the programs offered through the CSC! https://t.co/TOlX1nYIES @BUCS‚Ä¶
2016-06-01 16:45:01,Make an impact this summer with SFR! Register at https://t.co/ew2lnuVRkD or email sfr@bu.edu. https://t.co/YdcK6YklCN
2016-05-31 23:01:11,The CSC staff joined hands with the FYSOP27 crew to take on Boston! #beyondcomave https://t.co/9RO8lP1tug
2016-05-29 18:06:26,"RT @BU_CCD: What's in your mosaic? Research, #internships, @BUabroad, @BUCSC. Learn how it all helps you find yr future."
2016-05-29 18:06:09,RT @heyfysop: Hey #BU2020! If you're interested in education and community service sign up for #FYSOP27 or another @BUCSC program! https://‚Ä¶
2016-05-26 16:07:41,RT @pratibharaman: Boston friends: please consider volunteering as a Math or Reading/Writing Coach with LGR this summer! More info: https:/‚Ä¶
2016-05-25 18:08:08,Snag your spot in FYSOP 27 before registration closes! Go to https://t.co/9KQDhnCqVV #fysop27 #bu2020 @heyfysop https://t.co/e9pxV61dJ7
2016-05-03 18:03:31,Good luck to all our students on the first day of #finals ! One step closer to summer break ‚òÄÔ∏è
2016-04-28 21:06:47,"Our senior volunteer, Monica Nunez, tie dying a CSC shirt on the beach today! Thanks for coming! See you all at 6 https://t.co/4CrwY3OP73"
2016-04-28 16:51:48,"Volunteer Recognition Ceremony will be an event tie-dye for! Come to the Beach &amp; the CSC for food, fun and reflection (&amp; tie dye) #CSCSpirit"
2016-04-27 16:26:42,Nominate a senior for their dedication to service &amp; community engagement! #SeniorService https://t.co/m695jYAVqE https://t.co/puRX4R4CeW
2016-04-25 18:34:17,Know a senior who has engaged with our community throughout their BU years? Nominate them for our service award! https://t.co/m695jYAVqE
2016-04-22 15:00:35,"Happy #EarthDay ! Boston has given us warm weather to enjoy the outdoors, so get outside today to celebrate "
2016-04-16 20:38:55,RT @PineStreetInn: @BUCSC Thank you for coming in to prep the kitchen! Much appreciated. #psivolunteers #nationalvolunteerweek
2016-04-16 17:00:59,RT @krae_nn: Taking a break at New Entry Sustainable Farms! @BUGDS @BUCSC #BUGDS16 #bugds https://t.co/KsdNEWp4bo
2016-04-16 16:31:10,RT @LPWK: Thank you BU CSC for a great day of service!!!  @BUGDS @BUCSC @BU_Tweets https://t.co/VYG3PC1qns
2016-04-16 16:30:44,RT @LPWK: Ollie's first Day of Service!  @BUCSC @BUGDS Awesomeness!!! https://t.co/dYcN042N3H
2016-04-16 14:36:35,RT @carolinerkohler: Already a Spontaneous Celebration and the day is just getting started! #BUGDS16 https://t.co/egJ2uTWyj4
2016-04-16 11:59:52,We are ready for ya volunteers! #BUGDS16 @BUGDS https://t.co/4VmNCpFHsg
2016-04-15 23:57:56,RT @gavinfoundation: Happy Friday to our #BUCSC #ProjectHope student volunteers! Thanks for cooking dinner! #Gratitude @BU_Tweets https://t‚Ä¶
2016-04-15 17:45:26,Come get your cake and celebrate over a million hours of service! Swing by the GSU now! #MillionHoursProject https://t.co/zHZboqdwZF
